{"min_pitch": 0.6945844909375258, "max_pitch": 7.6025340908123455, "min_energy": 0.09309670329093933, "max_energy": 1.549446702003479}