{"min_pitch": 0.002872557858707366, "max_pitch": 7.602034781328551, "min_energy": 0.09309670329093933, "max_energy": 1.549446702003479, "mean_pitch": 5.276918306937986, "std_pitch": 0.6467492707611264}