{"min_pitch": 0.002872557858707366, "max_pitch": 7.602034781328551, "min_energy": 17.7646484375, "max_energy": 91.4197006225586, "mean_pitch": 5.276766384816647, "std_pitch": 0.6467658226952125}